target,time,lat,lon
A,2026-09-22 08:00:00,30.6598,104.06
A,2026-09-22 08:05:00,30.66,104.0602
A,2026-09-22 08:10:00,30.6602,104.0598
A,2026-09-22 08:15:00,30.6598,104.06
A,2026-09-22 08:20:00,30.66,104.0602
A,2026-09-22 08:25:00,30.6602,104.0598
A,2026-09-22 08:30:00,30.6598,104.06
A,2026-09-22 08:35:00,30.66,104.0602
A,2026-09-22 08:40:00,30.6602,104.0598
A,2026-09-22 08:45:00,30.6598,104.06
A,2026-09-22 08:50:00,30.66,104.0602
A,2026-09-22 08:55:00,30.6602,104.0598
A,2026-09-22 09:00:00,30.6598,104.06
A,2026-09-22 09:05:00,30.661667,104.0625
A,2026-09-22 09:10:00,30.663333,104.065
A,2026-09-22 09:15:00,30.665,104.0675
A,2026-09-22 09:20:00,30.666667,104.07
A,2026-09-22 09:25:00,30.668333,104.0725
A,2026-09-22 09:30:00,30.6698,104.0748
A,2026-09-22 09:40:00,30.67,104.075
A,2026-09-22 09:50:00,30.6702,104.0752
A,2026-09-22 10:00:00,30.6698,104.0748
A,2026-09-22 10:10:00,30.67,104.075
A,2026-09-22 10:20:00,30.6702,104.0752
A,2026-09-22 10:30:00,30.6698,104.0748
A,2026-09-22 10:40:00,30.67,104.075
A,2026-09-22 10:50:00,30.6702,104.0752
A,2026-09-22 11:00:00,30.6698,104.0748
B,2026-09-22 08:10:00,30.6603,104.0603
B,2026-09-22 08:15:00,30.6605,104.0605
B,2026-09-22 08:20:00,30.6607,104.0601
B,2026-09-22 08:25:00,30.6603,104.0603
B,2026-09-22 08:30:00,30.6605,104.0605
B,2026-09-22 08:35:00,30.6607,104.0601
B,2026-09-22 08:40:00,30.6603,104.0603
B,2026-09-22 08:45:00,30.6605,104.0605
B,2026-09-22 08:50:00,30.6607,104.0601
B,2026-09-22 08:55:00,30.6603,104.0603
B,2026-09-22 09:00:00,30.6605,104.0605
B,2026-09-22 09:05:00,30.665437,104.065263
B,2026-09-22 09:10:00,30.670375,104.070225
B,2026-09-22 09:15:00,30.675313,104.075187
B,2026-09-22 09:20:00,30.68025,104.08015
B,2026-09-22 09:25:00,30.685187,104.085112
B,2026-09-22 09:30:00,30.690125,104.090075
B,2026-09-22 09:35:00,30.695062,104.095037
B,2026-09-22 09:40:00,30.6998,104.1
B,2026-09-22 09:50:00,30.7,104.1002
B,2026-09-22 10:00:00,30.7002,104.0998
B,2026-09-22 10:10:00,30.6998,104.1
B,2026-09-22 10:20:00,30.7,104.1002
B,2026-09-22 10:30:00,30.7002,104.0998
B,2026-09-22 10:40:00,30.6998,104.1
B,2026-09-22 10:50:00,30.7,104.1002
B,2026-09-22 11:00:00,30.7002,104.0998
C,2026-09-22 08:00:00,30.6548,104.0498
C,2026-09-22 08:10:00,30.655,104.05
C,2026-09-22 08:20:00,30.6552,104.0502
C,2026-09-22 08:30:00,30.6548,104.0498
C,2026-09-22 08:40:00,30.655,104.05
C,2026-09-22 08:50:00,30.6552,104.0502
C,2026-09-22 09:00:00,30.6548,104.0498
C,2026-09-22 09:05:00,30.659167,104.0575
C,2026-09-22 09:10:00,30.663333,104.065
C,2026-09-22 09:15:00,30.6575,104.05875
C,2026-09-22 09:20:00,30.651667,104.0525
C,2026-09-22 09:25:00,30.645833,104.04625
C,2026-09-22 09:30:00,30.6398,104.04
C,2026-09-22 09:45:00,30.64,104.0402
C,2026-09-22 10:00:00,30.6402,104.0398
C,2026-09-22 10:15:00,30.6398,104.04
C,2026-09-22 10:30:00,30.64,104.0402
C,2026-09-22 10:45:00,30.6402,104.0398
C,2026-09-22 11:00:00,30.6398,104.04
D,2026-09-22 08:00:00,30.65,104.07
D,2026-09-22 08:10:00,30.65,104.07
D,2026-09-22 08:20:00,30.65,104.07
D,2026-09-22 08:30:00,30.65,104.07
D,2026-09-22 08:15:00,30.65,104.07
D,2026-09-22 08:20:00,30.65,104.07
D,2026-09-22 08:40:00,31.0,105.0
D,2026-09-22 08:50:00,30.65,104.07
