time,x,y,speed
2026-09-22T10:00:00,-260,10,25
2026-09-22T10:00:05,-242,10,25
2026-09-22T10:00:10,-224,10,25
2026-09-22T10:00:15,-206,10,25
2026-09-22T10:00:20,-188,10,25
2026-09-22T10:00:25,-170,10,25
2026-09-22T10:00:30,-152,10,25
2026-09-22T10:00:35,-134,10,25
2026-09-22T10:00:40,-148,12,20
2026-09-22T10:00:45,-154,14,20
2026-09-22T10:00:50,-146,12,20
2026-09-22T10:00:55,-100,30,2
2026-09-22T10:01:00,-96,34,2
2026-09-22T10:01:05,-92,30,2
2026-09-22T10:01:10,-100,34,2
2026-09-22T10:01:15,-96,30,2
2026-09-22T10:01:20,-92,34,2
2026-09-22T10:01:25,-100,30,2
2026-09-22T10:01:30,-96,34,2
2026-09-22T10:01:35,-92,30,2
2026-09-22T10:01:40,-100,34,2
2026-09-22T10:01:45,-96,30,2
2026-09-22T10:01:50,-92,34,2
2026-09-22T10:01:55,-100,30,2
2026-09-22T10:02:00,-80,40,55
2026-09-22T10:02:05,-58,40,55
2026-09-22T10:02:10,-36,40,55
2026-09-22T10:02:15,-14,40,55
2026-09-22T10:02:20,8,40,55
2026-09-22T10:02:25,30,40,55
2026-09-22T10:02:30,52,40,28
2026-09-22T10:02:35,74,40,28
2026-09-22T10:02:40,96,40,28
2026-09-22T10:02:45,118,40,28
2026-09-22T10:02:50,150,138,30
2026-09-22T10:02:55,160,150,30
2026-09-22T10:03:00,170,138,30
2026-09-22T10:03:05,120,60,5
2026-09-22T10:03:10,120,60,5
2026-09-22T10:03:15,120,60,5
2026-09-22T10:03:20,120,60,5
2026-09-22T10:03:25,120,60,5
2026-09-22T10:03:30,120,60,5
2026-09-22T10:03:35,120,60,5
2026-09-22T10:03:40,120,60,5
2026-09-22T10:03:45,120,60,5
2026-09-22T10:03:50,120,60,5
2026-09-22T10:03:55,120,60,5
2026-09-22T10:04:00,145,60,30
2026-09-22T10:04:05,170,60,30
2026-09-22T10:04:10,195,60,30
2026-09-22T10:04:15,220,60,30
2026-09-22T10:04:20,245,60,30
2026-09-22T10:04:25,270,60,30
2026-09-22T10:04:30,295,60,30
2026-09-22T10:04:35,320,60,30
2026-09-22T10:04:40,300,145,30
2026-09-22T10:04:45,250,145,30
2026-09-22T10:04:50,190,138,30
2026-09-22T10:04:55,150,145,30
2026-09-22T10:05:00,100,145,30
